{
    "$schema": "https://ui.shadcn.com/schema.json",
    "style": "new-york",
    "rsc": false,
    "tsx": true,
    "tailwind": {
        "config": "",
        "css": "src/styles/globals.css",
        "baseColor": "neutral",
        "cssVariables": true,
        "prefix": ""
    },
    "iconLibrary": "lucide",
    "aliases": {
        "components": "~/components",
        "utils": "~/lib/utils",
        "ui": "~/components/ui",
        "lib": "~/lib",
        "hooks": "~/hooks"
    },
    "registries": {}
}
